Frequency (Hz);Trace 1: Impedance: Real (Ω);Trace 1: Impedance: Imaginary (Ω);Trace 1: Impedance: Magnitude (Ω);Trace 2: Impedance: Real (Ω);Trace 2: Impedance: Imaginary (Ω);Trace 2: Impedance: Phase (°)
10000;847.2732538638172;1545.6495522088435;1762.6413432563013;847.2732538638172;1545.6495522088435;61.26992414331429
10209.515903;860.901598341986;1569.5544679986426;1790.1544039669561;860.901598341986;1569.5544679986426;61.255204377052095
10423.421498;875.0761425613816;1593.2607767373804;1817.7563527519048;875.0761425613816;1593.2607767373804;61.222825680665125
10641.808756;889.1878443641743;1617.6920764326078;1845.963888248589;889.1878443641743;1617.6920764326078;61.2039683707988
10864.771573;904.2002807282367;1643.6239999239137;1875.9205742234685;904.2002807282367;1643.6239999239137;61.18366435183422
11092.405816;919.2900860088995;1668.954724992564;1905.3881852024945;919.2900860088995;1668.954724992564;61.15324135132928
11324.809359;934.7532648920042;1695.4003778438805;1936.012940922512;934.7532648920042;1695.4003778438805;61.130003442054864
11562.082126;950.1792716332951;1722.2599188666943;1966.982429096989;950.1792716332951;1722.2599188666943;61.11426236568425
11804.326134;966.6506603711658;1750.0475815392615;1999.269875941572;966.6506603711658;1750.0475815392615;61.08563651586963
12051.645539;983.4604263596458;1778.606710423305;2032.3966740226442;983.4604263596458;1778.606710423305;61.06009735373009
12304.14668;1000.5457671485744;1807.396100983303;2065.8587797835007;1000.5457671485744;1807.396100983303;61.03178307004306
12561.938121;1018.2698510113452;1837.8551986658993;2101.0914355976843;1018.2698510113452;1837.8551986658993;61.01120783357338
12825.130702;1037.614685110841;1867.0036674438343;2135.965104819458;1037.614685110841;1867.0036674438343;60.9362409474039
13093.837587;1055.962500816206;1898.878939284223;2172.739751831128;1055.962500816206;1898.878939284223;60.92165817194264
13368.174308;1075.49749034599;1929.815717512949;2209.2721777319657;1075.49749034599;1929.815717512949;60.86882259264338
13648.25882;1095.704813041641;1962.5653477951505;2247.7170154823575;1095.704813041641;1962.5653477951505;60.82527500863144
13934.211547;1116.2750923168126;1995.9230843400687;2286.871015236426;1116.2750923168126;1995.9230843400687;60.78269212072192
14226.15544;1137.8612783230597;2030.4245612614448;2327.5206095071894;1137.8612783230597;2030.4245612614448;60.73348586408817
14524.216021;1160.0245316561034;2064.860951389669;2368.3976994199706;1160.0245316561034;2064.860951389669;60.67302532076223
14828.521445;1182.707795883438;2101.9403698389015;2411.8356181137137;1182.707795883438;2101.9403698389015;60.63466134949439
15139.202552;1207.106598582054;2137.791784635576;2455.047872200397;1207.106598582054;2137.791784635576;60.54870484857697
15456.392922;1231.121392254055;2176.0171091742495;2500.1420643404686;1231.121392254055;2176.0171091742495;60.500196527195435
15780.228934;1256.717186318662;2214.21567043199;2545.9947214350786;1256.717186318662;2214.21567043199;60.42215771400005
16110.849827;1284.1723606640942;2254.661321619255;2594.7247112361415;1284.1723606640942;2254.661321619255;60.33574827413012
16448.397752;1310.7950115155743;2294.989147199252;2642.945089852694;1310.7950115155743;2294.989147199252;60.26692711550046
16793.017844;1339.5842037118089;2336.615483460761;2693.3729330307688;1339.5842037118089;2336.615483460761;60.17430573757237
17144.858275;1369.5410239627845;2379.39745762254;2745.3915709161856;1369.5410239627845;2379.39745762254;60.075995540486446
17504.070322;1401.0470232912865;2423.054707277346;2798.951031356619;1401.0470232912865;2423.054707277346;59.96284694564544
17870.808433;1433.427008185169;2468.382900623559;2854.4048647459704;1433.427008185169;2468.382900623559;59.85562144831648
18245.23029;1465.666865109275;2514.107118404004;2910.139852702776;1465.666865109275;2514.107118404004;59.758794083282446
18627.496881;1502.4326383443242;2562.1488953899643;2970.1701626186846;1502.4326383443242;2562.1488953899643;59.61283124583074
19017.772565;1537.6334451429418;2611.0760630345985;3030.1872580047607;1537.6334451429418;2611.0760630345985;59.50664544956502
19416.225145;1578.8168816398818;2660.5305372777684;3093.717098497956;1578.8168816398818;2660.5305372777684;59.31418156859545
19823.02594;1617.4919712992917;2712.830277713218;3158.4376506265316;1617.4919712992917;2712.830277713218;59.19500500742981
20238.349859;1659.2862364834689;2765.464163200014;3225.061681972459;1659.2862364834689;2765.464163200014;59.03612557832453
20662.375475;1704.4389401269875;2818.706791889274;3293.9672249832624;1704.4389401269875;2818.706791889274;58.839138535737824
21095.285101;1750.6899060321862;2875.468719648274;3366.4871163809125;1750.6899060321862;2875.468719648274;58.66542508246739
21537.264873;1800.8325801458593;2930.663727888248;3439.736598589293;1800.8325801458593;2930.663727888248;58.43013049730917
21988.504824;1852.3055123305044;2993.5114689184825;3520.2480914782786;1852.3055123305044;2993.5114689184825;58.251876658942436
22449.198969;1908.2519306106144;3052.790752965887;3600.1328881130435;1908.2519306106144;3052.790752965887;57.99113878559337
22919.54539;1964.985189088257;3118.3926532522673;3685.856689182846;1964.985189088257;3118.3926532522673;57.78384006284082
23399.746316;2023.5117642855048;3184.4849600513207;3773.002030345982;2023.5117642855048;3184.4849600513207;57.56696921370637
23890.008215;2089.283198992107;3249.4870316869947;3863.1943071366018;2089.283198992107;3249.4870316869947;57.26069106093675
24390.541881;2156.7051153530747;3319.3560172036023;3958.472094575871;2156.7051153530747;3319.3560172036023;56.986767007348845
24901.562522;2226.7271330413078;3388.9673231906645;4055.0478718106965;2226.7271330413078;3388.9673231906645;56.693012404042705
25423.289859;2305.287633065811;3460.34824676545;4157.92749576744;2305.287633065811;3460.34824676545;56.32840576412967
25955.948214;2386.8661343509825;3536.585100156075;4266.680690414688;2386.8661343509825;3536.585100156075;55.984309751994616
26499.766608;2469.4097046975407;3610.4446905427753;4374.162223000298;2469.4097046975407;3610.4446905427753;55.62932583465139
27054.978862;2564.2064514118547;3690.0681515450433;4493.523972174759;2564.2064514118547;3690.0681515450433;55.20479249683705
27621.823696;2660.94144244973;3774.009230253341;4617.76515537374;2660.94144244973;3774.009230253341;54.81347669964643
28200.544831;2766.348125618333;3858.0167263784606;4747.312398939851;2766.348125618333;3858.0167263784606;54.35800423439892
28791.391094;2879.5809313046857;3938.3352896064616;4878.777633105773;2879.5809313046857;3938.3352896064616;53.82695943839125
29394.616526;2998.952369774848;4029.6539730051004;5023.129150075077;2998.952369774848;4029.6539730051004;53.342609488090766
30010.48049;3176.621553726444;4095.509957657507;5183.061480329092;3176.621553726444;4095.509957657507;52.20158629113467
30639.247783;3317.907099194844;4165.730520745477;5325.5814978608605;3317.907099194844;4165.730520745477;51.46349674791292
31281.188751;3456.4949476674315;4253.680928685638;5480.981551356873;3456.4949476674315;4253.680928685638;50.90306466103042
31936.579403;3618.214395392967;4342.346730147919;5652.20758074712;3618.214395392967;4342.346730147919;50.197605218494594
32605.701532;3814.501445702347;4419.032126138667;5837.6593092703615;3814.501445702347;4419.032126138667;49.19929241510895
33288.842834;4005.481105572663;4528.718724711422;6045.921945795483;4005.481105572663;4528.718724711422;48.508451674373944
33986.297032;4214.396356200983;4610.149247593615;6246.167843746123;4214.396356200983;4610.149247593615;47.567813477789564
34698.364005;4440.876891073575;4696.368942115827;6463.533770480466;4440.876891073575;4696.368942115827;46.60166457223417
35425.349913;4684.638165221767;4765.416628932407;6682.441947847947;4684.638165221767;4765.416628932407;45.489748729199974
36167.567333;4958.37402373189;4833.159527153213;6924.225875441315;4958.37402373189;4833.159527153213;44.267339369206596
36925.335387;5243.079436977804;4928.900643490875;7196.1061370622;5243.079436977804;4928.900643490875;43.2308854588962
37698.979888;5529.482868038585;4979.647859528695;7441.241401328204;5529.482868038585;4979.647859528695;42.00503037057612
38488.833471;5864.207778733106;5032.8336986205895;7727.764742157002;5864.207778733106;5032.8336986205895;40.63715290079563
39295.235743;6184.111948958432;5082.344766983448;8004.590490945461;6184.111948958432;5082.344766983448;39.41470141399509
40118.533425;6634.6063020062165;5050.771300888706;8338.362640021216;6634.6063020062165;5050.771300888706;37.28117366702249
40959.080503;7069.325496427913;5090.382741897486;8711.335111993656;7069.325496427913;5090.382741897486;35.75638729641319
41817.238378;7489.576624567047;4993.819662069685;9001.77720411558;7489.576624567047;4993.819662069685;33.694137882772765
42693.376026;8009.79356410134;4876.517724486008;9377.484633778156;8009.79356410134;4876.517724486008;31.333866071219607
43587.870151;8550.42069636264;4719.968509312959;9766.667641201504;8550.42069636264;4719.968509312959;28.899397552476987
44501.105351;9113.188501807885;4455.194661615723;10143.912664370326;9113.188501807885;4455.194661615723;26.052775062798254
45433.47428;9660.960312241381;4159.14226548295;10518.204149912175;9660.960312241381;4159.14226548295;23.292372484104526
46385.377822;10336.756951298035;3794.662537763278;11011.267322416265;10336.756951298035;3794.662537763278;20.158376914282716
47357.225256;10819.788630727136;3348.621940931667;11326.124443820188;10819.788630727136;3348.621940931667;17.19680027995233
48349.43444;11380.569818665776;2690.6942102762755;11694.323611510868;11380.569818665776;2690.6942102762755;13.302105111906922
49362.431984;11883.887894989268;1972.8070114836667;12046.524768796666;11883.887894989268;1972.8070114836667;9.425536330455945
50396.653437;12286.609543892342;1250.7657862364158;12350.108871426435;12286.609543892342;1250.7657862364158;5.812635053491256
51452.543475;12636.285735000742;223.13410018558454;12638.255655083452;12636.285735000742;223.13410018558454;1.0116353745482196
52530.556088;12718.724655019363;-665.5400008161749;12736.12579801581;12718.724655019363;-665.5400008161749;-2.9954171223315713
53631.15478;12634.835081869902;-1687.542195867117;12747.033231653648;12634.835081869902;-1687.542195867117;-7.607552981526952
54754.812765;12512.77640164872;-2736.925108595326;12808.603839908415;12512.77640164872;-2736.925108595326;-12.338017837245438
55902.013172;12152.702537593183;-3672.7776253658517;12695.569087386819;12152.702537593183;-3672.7776253658517;-16.815814545276968
57073.249251;11658.458669476404;-4498.04568602088;12496.082327730583;11658.458669476404;-4498.04568602088;-21.097522734844215
58269.024589;11080.42938521697;-5292.590264364979;12279.553211221924;11080.42938521697;-5292.590264364979;-25.531571129313598
59489.853323;10593.64877037232;-6248.484788672752;12299.144540344492;10593.64877037232;-6248.484788672752;-30.53351126989606
60736.260359;9364.832543541048;-6567.67333941619;11438.287531874852;9364.832543541048;-6567.67333941619;-35.04245614542483
62008.781606;8895.562563202904;-6782.867784994535;11186.524424707331;8895.562563202904;-6782.867784994535;-37.32552590233738
63307.964196;8165.920671938188;-7134.448013889546;10843.551488478299;8165.920671938188;-7134.448013889546;-41.143246996034094
64634.366728;7386.530356117987;-7296.246590522955;10382.487419283028;7386.530356117987;-7296.246590522955;-44.64769514973431
65988.559502;6749.488094729059;-7379.31173648714;10000.491550176228;6749.488094729059;-7379.31173648714;-47.55240095820572
67371.124768;6098.119027225899;-7321.535457516829;9528.480315658458;6098.119027225899;-7321.535457516829;-50.20902860897172
68782.656976;5516.206550782944;-7270.5232092424985;9126.283057577959;5516.206550782944;-7270.5232092424985;-52.812106357125394
70223.763028;4973.04047914652;-7160.354023149611;8717.901200636807;4973.04047914652;-7160.354023149611;-55.21907865956726
71695.062543;4495.775799024932;-7005.269326632984;8323.809126461467;4495.775799024932;-7005.269326632984;-57.308846068022056
73197.188124;4051.5637925712417;-6839.048843583769;7949.072791854327;4051.5637925712417;-6839.048843583769;-59.35680961158607
74730.785624;3710.373505930614;-6675.404655184054;7637.27038044122;3710.373505930614;-6675.404655184054;-60.933490670547805
76296.514431;3346.418575145974;-6467.724884003548;7282.168801616776;3346.418575145974;-6467.724884003548;-62.64283082076751
77895.047746;3043.545613641725;-6258.625186300794;6959.422326954762;3043.545613641725;-6258.625186300794;-64.06652151601035
79527.072877;2792.3004129179662;-6097.612705261985;6706.550700572853;2792.3004129179662;-6097.612705261985;-65.39537540832576
81193.291529;2522.3686916392294;-5887.678374025034;6405.240077664838;2522.3686916392294;-5887.678374025034;-66.80899039157315
82894.420112;2309.323838319116;-5717.052972109962;6165.847166135427;2309.323838319116;-5717.052972109962;-68.00444141952528
84631.190045;2124.4342787665255;-5524.8356686074685;5919.208576314538;2124.4342787665255;-5524.8356686074685;-68.96702893541908
86404.348069;1939.6756913427073;-5348.492947464774;5689.351333558708;1939.6756913427073;-5348.492947464774;-70.06640010718745
88214.656574;1784.649260946324;-5168.9098978300935;5468.327213735674;1784.649260946324;-5168.9098978300935;-70.9519430365838
90062.893922;1651.012207463865;-5010.231487976063;5275.249839799205;1651.012207463865;-5010.231487976063;-71.76149460050385
91949.854781;1524.2834444746177;-4839.8023300262785;5074.162651396504;1524.2834444746177;-4839.8023300262785;-72.5183113697659
93876.350471;1409.3151440059353;-4692.873784711114;4899.921788595537;1409.3151440059353;-4692.873784711114;-73.28448198663345
95843.209309;1298.1377744050308;-4539.346272493899;4721.316157909942;1298.1377744050308;-4539.346272493899;-74.0408153259568
97851.276968;1199.7237671102394;-4412.397307332515;4572.590853676328;1199.7237671102394;-4412.397307332515;-74.78909367868359
99901.416839;1103.5344126772707;-4263.766748584613;4404.258744249568;1103.5344126772707;-4263.766748584613;-75.48930252920243
101994.510399;1019.9888056548267;-4137.146467453604;4261.027816950388;1019.9888056548267;-4137.146467453604;-76.15027168425948
104131.457599;950.5668075324755;-4009.624592938993;4120.760443399212;950.5668075324755;-4009.624592938993;-76.66303643415667
106313.177241;886.8189656882533;-3895.217376451324;3994.892525176706;886.8189656882533;-3895.217376451324;-77.1741640831724
108540.607379;815.672718196865;-3769.4662977248695;3856.7082016785116;815.672718196865;-3769.4662977248695;-77.79004963987077
110814.705721;758.2799743707408;-3657.0808217295616;3734.8666182601296;758.2799743707408;-3657.0808217295616;-78.2859552212136
113136.45004;705.1601363478776;-3549.6861829907393;3619.0499879954023;705.1601363478776;-3549.6861829907393;-78.76422857383169
115506.838595;658.9183344615761;-3442.423335891272;3504.918229428243;658.9183344615761;-3442.423335891272;-79.16401529701213
117926.89056;613.7126692779837;-3341.598981637402;3397.488336184899;613.7126692779837;-3341.598981637402;-79.59312480590067
120397.646462;576.0818600346245;-3239.812396973201;3290.6313493070274;576.0818600346245;-3239.812396973201;-79.91742693915158
122920.168629;538.6959066388506;-3147.187091977079;3192.957856241857;538.6959066388506;-3147.187091977079;-80.2869575739186
125495.541648;503.53946504261904;-3059.3770276209366;3100.538629011115;503.53946504261904;-3059.3770276209366;-80.65354707280764
128124.872827;476.20205889508117;-2970.135884003311;3008.0684118450567;476.20205889508117;-2970.135884003311;-80.8912851280264
130809.292676;447.32439335431684;-2884.0888666358333;2918.5728881668474;447.32439335431684;-2884.0888666358333;-81.18362906879068
133549.95539;424.19844423653353;-2801.472503367834;2833.406519936512;424.19844423653353;-2801.472503367834;-81.38969176534174
136348.039347;400.5097630231327;-2724.2442268764803;2753.527678805259;400.5097630231327;-2724.2442268764803;-81.63646874943178
139204.747612;377.58913362383095;-2650.4544669356656;2677.215425611099;377.58913362383095;-2650.4544669356656;-81.89208419665874
142121.308459;358.302734773494;-2576.7891296229495;2601.5808786753414;358.302734773494;-2576.7891296229495;-82.08377670604598
145098.975893;342.43899798689216;-2504.4531067858375;2527.7558884179266;342.43899798689216;-2504.4531067858375;-82.21411201859766
148139.030196;324.1643539982338;-2436.8310859143294;2458.2978399049825;324.1643539982338;-2436.8310859143294;-82.42260177116364
151242.778471;309.89350141047754;-2372.660503137375;2392.812538700963;309.89350141047754;-2372.660503137375;-82.55871354209977
154411.555209;296.54356236580213;-2309.1525147620437;2328.115852102827;296.54356236580213;-2309.1525147620437;-82.68207501599517
157646.722859;285.2565237104569;-2249.3960723762207;2267.41129368735;285.2565237104569;-2249.3960723762207;-82.77263068631908
160949.672416;271.9829129186331;-2189.5220399935583;2206.3502597133706;271.9829129186331;-2189.5220399935583;-82.91897852426975
164321.824019;261.42027215884923;-2131.847381992368;2147.8160579535947;261.42027215884923;-2131.847381992368;-83.00894071019584
167764.627562;253.23203385882005;-2077.3559872447454;2092.733705160278;253.23203385882005;-2077.3559872447454;-83.0498706385042
171279.563313;245.08034605681135;-2024.7228177114712;2039.5016216185772;245.08034605681135;-2024.7228177114712;-83.09827188328772
174868.142559;237.83534793475545;-1974.546611416956;1988.8187381924554;237.83534793475545;-1974.546611416956;-83.13177627904743
178531.908247;230.47322538789612;-1922.5466116935074;1936.3117986922678;230.47322538789612;-1922.5466116935074;-83.16405341708207
182272.435653;224.10694864266685;-1876.8964758830725;1890.2286384488582;224.10694864266685;-1876.8964758830725;-83.1909526271183
186091.333056;218.63768764871017;-1829.719295121175;1842.7357752534965;218.63768764871017;-1829.719295121175;-83.18589453666776
189990.242434;213.38484880609607;-1784.529508533224;1797.2419593715895;213.38484880609607;-1784.529508533224;-83.18124128401298
193970.840164;207.37627583425558;-1742.5120031143647;1754.808536785857;207.37627583425558;-1742.5120031143647;-83.2131532450177
198034.837746;202.90572382311015;-1698.0142476905676;1710.0944763726782;202.90572382311015;-1698.0142476905676;-83.18570164007554
202183.982541;201.31373623247057;-1658.528266669768;1670.7014190867562;201.31373623247057;-1658.528266669768;-83.07923997327748
206420.058519;197.14407289242467;-1618.3421070521883;1630.3057875548163;197.14407289242467;-1618.3421070521883;-83.05453322004286
210744.887025;194.45252769749632;-1579.6676603368207;1591.5909344558202;194.45252769749632;-1579.6676603368207;-82.98235875049849
215160.327566;193.2883638965196;-1541.9076204689932;1553.975386445405;193.2883638965196;-1541.9076204689932;-82.85486473922813
219668.278608;190.9957867036891;-1508.0049417996054;1520.052069841883;190.9957867036891;-1508.0049417996054;-82.78165873021305
224270.678394;189.82612094131323;-1473.6634274384583;1485.8391075622183;189.82612094131323;-1473.6634274384583;-82.6600117032001
228969.505775;188.0738630443499;-1441.8574357008977;1454.0717461137856;188.0738630443499;-1441.8574357008977;-82.56837705603333
233766.781062;186.39755560663744;-1410.5724597584867;1422.8347454870636;186.39755560663744;-1410.5724597584867;-82.47236570251873
238664.566896;186.1372151095269;-1380.1042602510022;1392.6000258551255;186.1372151095269;-1380.1042602510022;-82.31876337192365
243664.969133;184.52968682221456;-1352.1768697034609;1364.7100396347037;184.52968682221456;-1352.1768697034609;-82.22892977736399
248770.137748;183.934011772659;-1324.8568690973025;1337.563996331051;183.934011772659;-1324.8568690973025;-82.0959722101033
253982.267765;183.04929140431102;-1297.9062669331931;1310.7508233177189;183.04929140431102;-1297.9062669331931;-81.97227649299775
259303.600195;182.42550265107042;-1273.210478527412;1286.21304092654;182.42550265107042;-1273.210478527412;-81.8461598581113
264736.423003;181.54309769894695;-1248.6637156581899;1261.7919682433574;181.54309769894695;-1248.6637156581899;-81.72773415562915
270283.072088;179.99034718855137;-1226.6032260691159;1239.7386818536468;179.99034718855137;-1226.6032260691159;-81.65205973201127
275945.932292;177.77274999108258;-1204.7977536698663;1217.8426737010607;177.77274999108258;-1204.7977536698663;-81.60634388279233
281727.438424;174.87454101086718;-1183.9302054574473;1196.7755998884145;174.87454101086718;-1183.9302054574473;-81.59777691185093
287630.076304;172.19587754072464;-1164.0139828024198;1176.6817634354552;172.19587754072464;-1164.0139828024198;-81.58510346984976
293656.383835;168.22261242963697;-1144.4334150333864;1156.7310356248038;168.22261242963697;-1144.4334150333864;-81.63785883145098
299808.952092;164.69466834503902;-1125.533060332362;1137.5187926721978;164.69466834503902;-1125.533060332362;-81.67522118231055
306090.426439;160.0321560369321;-1106.4615876424996;1117.9747474313497;160.0321560369321;-1106.4615876424996;-81.77014259631447
312503.507663;155.79767633663116;-1088.2336420751953;1099.3295118826468;155.79767633663116;-1088.2336420751953;-81.85257578018721
319050.953139;150.5347996641651;-1069.9770388142465;1080.5145022162515;150.5347996641651;-1069.9770388142465;-81.99163334326538
325735.578009;144.8379256928655;-1051.9252078755082;1061.849644574477;144.8379256928655;-1051.9252078755082;-82.16032809370282
332560.256401;138.87813846563824;-1033.574602386999;1042.8631722537352;138.87813846563824;-1033.574602386999;-82.34718409449721
339527.92266;132.71651027299032;-1015.4737278008548;1024.1096444975046;132.71651027299032;-1015.4737278008548;-82.5539785388603
346641.572607;126.11842873558088;-997.4810550756564;1005.4224551409108;126.11842873558088;-997.4810550756564;-82.79393539920392
353904.264834;120.00334924804778;-979.4061082847293;986.7305249034246;120.00334924804778;-979.4061082847293;-83.01455819792679
361319.122014;113.91798334789722;-960.4157087619569;967.1481998984353;113.91798334789722;-960.4157087619569;-83.23556906351503
368889.332243;107.56112320685814;-942.3524003169948;948.4711074190519;107.56112320685814;-942.3524003169948;-83.4883783241929
376618.150417;101.57838551767124;-923.7824205935809;929.3503801054327;101.57838551767124;-923.7824205935809;-83.725010654049
384508.899622;95.89734589140865;-905.3331683856244;910.3979606348918;95.89734589140865;-905.3331683856244;-83.95349582161923
392564.972572;90.39942150043962;-886.6087761700497;891.2054630607734;90.39942150043962;-886.6087761700497;-84.1781901545718
400789.833063;85.17071905187447;-868.7925853724255;872.9573917333631;85.17071905187447;-868.7925853724255;-84.4009888758454
409187.017461;80.3463286361263;-850.4112671131766;854.1983702620505;80.3463286361263;-850.4112671131766;-84.60275151663724
417760.136227;75.22519418606878;-832.30591432183;835.6984892025527;75.22519418606878;-832.30591432183;-84.83554410402103
426512.875465;70.82824993931317;-814.3549041482255;817.4292329613195;70.82824993931317;-814.3549041482255;-85.0292271962528
435448.99851;66.77505214402001;-796.517932249921;799.3120316775711;66.77505214402001;-796.517932249921;-85.20788782549668
444572.347545;62.95706672396733;-779.044771819505;781.5845115851456;62.95706672396733;-779.044771819505;-85.3797876143828
453886.845251;59.19888282571399;-761.7046920765978;764.0016660055901;59.19888282571399;-761.7046920765978;-85.55596593372613
463396.496497;56.271393050211955;-745.0517289825613;747.1737070693237;56.271393050211955;-745.0517289825613;-85.68083172959143
473105.390061;53.13326945554595;-728.0956270087415;730.031770810208;53.13326945554595;-728.0956270087415;-85.82620047241136
483017.700385;50.48078557973592;-711.8094507528477;713.5972280592309;50.48078557973592;-711.8094507528477;-85.94343466845002
493137.689375;47.78204018648584;-695.5009787673977;697.1403982203234;47.78204018648584;-695.5009787673977;-86.06986297528286
503469.708228;45.34841598784348;-679.722974700781;681.234028193458;45.34841598784348;-679.722974700781;-86.18310957898584
514018.199308;43.58916658751142;-664.439839642071;665.8680920027441;43.58916658751142;-664.439839642071;-86.2466102627832
524787.698052;41.774818288623734;-649.053433957209;650.3964141773021;41.774818288623734;-649.053433957209;-86.3173696544533
535782.834921;40.15048076047276;-634.0510523320413;635.3210196968664;40.15048076047276;-634.0510523320413;-86.37665515642766
547008.337394;38.79889121610293;-619.5141881918693;620.7279463103218;38.79889121610293;-619.5141881918693;-86.4163643545637
558469.031997;37.48951038665122;-605.1377589196697;606.2979223610708;37.48951038665122;-605.1377589196697;-86.45494110055647
570169.846378;36.245585989987596;-591.1436923911224;592.2538370982222;36.245585989987596;-591.1436923911224;-86.49133950852656
582115.811428;35.23526806516229;-577.3629679598114;578.4371365040337;35.23526806516229;-577.3629679598114;-86.507688353133
594312.063445;34.365140927079246;-563.5396364980874;564.5864723984578;34.365140927079246;-563.5396364980874;-86.51037445487586
606763.846337;33.55184516966256;-550.4709140608609;551.4924782272998;33.55184516966256;-550.4709140608609;-86.51207031748227
619476.513884;32.7718106797567;-537.25535779124;538.2539466187156;32.7718106797567;-537.25535779124;-86.50936421772118
632455.532034;32.26538907271531;-524.4387114957559;525.4303164524696;32.26538907271531;-524.4387114957559;-86.47939147960706
645706.481255;31.784599703839017;-511.76595227642605;512.7520362589802;31.784599703839017;-511.76595227642605;-86.44605657365356
659235.058935;31.546975661125146;-499.38862317361844;500.38406112565764;31.546975661125146;-499.38862317361844;-86.38536027697462
673047.081834;31.172756202006838;-487.2686619702163;488.26477414152527;31.172756202006838;-487.2686619702163;-86.3395210097126
687148.488578;31.125051001495578;-475.2036258390386;476.2218546123379;31.125051001495578;-475.2036258390386;-86.25257401367341
701545.342219;31.368465448755003;-463.4452356259015;464.5056157345755;31.368465448755003;-463.4452356259015;-86.12781958166707
716243.83284;31.739060218988566;-451.9980202181141;453.1109998937118;31.739060218988566;-451.9980202181141;-85.98331401325927
731250.280216;32.13741765197347;-440.7505637845168;441.9206637957845;32.13741765197347;-440.7505637845168;-85.82964678737108
746571.136529;32.88986812667284;-429.5447881556737;430.80212215945795;32.88986812667284;-429.5447881556737;-85.62145590715481
762212.989148;33.83866516691143;-418.6511236892424;420.01645042372286;33.83866516691143;-418.6511236892424;-85.3789518654317
778182.563455;34.93342429198958;-407.90711062701143;409.4002381934347;34.93342429198958;-407.90711062701143;-85.10509662631199
794486.725741;36.45011658081242;-397.2861677973453;398.9547720254205;36.45011658081242;-397.2861677973453;-84.75791629123715
811132.486156;38.35553432012009;-387.0275257553431;388.92345352946336;38.35553432012009;-387.0275257553431;-84.34030482762255
828127.001724;40.576211615161085;-376.95691571690236;379.13446856733844;40.576211615161085;-376.95691571690236;-83.85625148107349
845477.579421;43.31960922107297;-367.2476087085413;369.7937190451027;43.31960922107297;-367.2476087085413;-83.27261977082945
863191.679314;46.48605038911529;-357.9599689212015;360.96577709091326;46.48605038911529;-357.9599689212015;-82.60076064963596
881276.917772;50.13273348881854;-349.32810318862334;352.9070906689498;50.13273348881854;-349.32810318862334;-81.83313751234259
899741.070737;54.445292073972965;-341.46075965102835;345.7741173229679;54.445292073972965;-341.46075965102835;-80.94055424825754
918592.077071;59.03172586008992;-334.6346306195413;339.80153129127837;59.03172586008992;-334.6346306195413;-79.99558100967145
937838.041967;63.88256955536352;-329.05500473407005;335.1987154413554;63.88256955536352;-329.05500473407005;-79.01329637305416
957487.240436;68.50202589947399;-324.87245019472414;332.01601836034314;68.50202589947399;-324.87245019472414;-78.09313365815619
977548.120861;72.51842156250059;-322.1447700253803;330.20626026867166;72.51842156250059;-322.1447700253803;-77.31354799760912
998029.308636;75.53849399234714;-320.40100905741224;329.1851616942049;75.53849399234714;-320.40100905741224;-76.73406250220022
1018939.609866;77.21025612246186;-319.50756365376895;328.7042848556486;77.21025612246186;-319.50756365376895;-76.41469867283426
1040288.015162;77.6199243552273;-318.91639281027454;328.2263217050523;77.6199243552273;-318.91639281027454;-76.32094707182587
1062083.7035;76.8654031218762;-318.18897154433074;327.3415827687149;76.8654031218762;-318.18897154433074;-76.4191579554316
1084336.046172;75.16432167961075;-317.14230213126797;325.9277758256826;75.16432167961075;-317.14230213126797;-76.66662983705942
1107054.610812;72.71342542367228;-315.66751142936624;323.93397476778046;72.71342542367228;-315.66751142936624;-77.02829192845135
1130249.165511;69.69909784610962;-313.6724586738873;321.3228525503331;69.69909784610962;-313.6724586738873;-77.47221805689196
1153929.683019;66.27967902051178;-311.20109271126177;318.1809484487489;66.27967902051178;-311.20109271126177;-77.97677713703324
1178106.345029;62.62478501568557;-308.19479494582754;314.49307675998455;62.62478501568557;-308.19479494582754;-78.51395273285645
1202789.546557;58.76668414030149;-304.77534431329667;310.3893259539292;58.76668414030149;-304.77534431329667;-79.08618711417515
1227989.900412;54.774283303679304;-300.8489094475031;305.79451994302264;54.774283303679304;-300.8489094475031;-79.68142324684925
1253718.241758;50.706408231031546;-296.3914423906884;300.69756726339637;50.706408231031546;-296.3914423906884;-80.29186910449168
1279985.632772;46.752330163591346;-291.4348329846797;295.16104460537065;46.752330163591346;-291.4348329846797;-80.8861931585036
1306803.367402;43.07898467544349;-286.1298108278406;289.3545706655468;43.07898467544349;-286.1298108278406;-81.43799828525187
1334182.976222;39.72680666527368;-280.50152549144764;283.3007676848922;39.72680666527368;-280.50152549144764;-81.93893838792451
1362136.23139;36.62488284304447;-274.78776247569874;277.21777801877676;36.62488284304447;-274.78776247569874;-82.40811938217796
1390675.151709;33.790338172817094;-269.02376352008355;271.1375523463011;33.790338172817094;-269.02376352008355;-82.8409376568091
1419812.007796;31.057426462244802;-263.2231131446115;265.0489974174561;31.057426462244802;-263.2231131446115;-83.27084080482565
1449559.327355;28.41842100069858;-257.25423840853784;258.8191450247253;28.41842100069858;-257.25423840853784;-83.696195854191
1479929.900568;25.966268489885202;-251.13091763868206;252.46977025643156;25.966268489885202;-251.13091763868206;-84.09674649746253
1510936.78559;23.696742760326373;-244.9014801259341;246.04526125353922;23.696742760326373;-244.9014801259341;-84.47324802466059
1542593.314164;21.769892282860805;-238.62563281739511;239.6166122110686;21.769892282860805;-238.62563281739511;-84.78731754481944
1574913.097357;20.09737216143649;-232.26091913197925;233.128803290857;20.09737216143649;-232.26091913197925;-85.05455510273882
1607910.031408;18.782336907590327;-225.9943252745373;226.77348001034775;18.782336907590327;-225.9943252745373;-85.24907931123106
1641598.303703;17.739524253851037;-219.8015955078294;220.51628535901924;17.739524253851037;-219.8015955078294;-85.385831302532
1675992.39888;16.94689252573402;-213.68923998229633;214.36018392063906;16.94689252573402;-213.68923998229633;-85.46557702034701
1711107.105048;16.362582907778297;-207.75882280290477;208.40216546826642;16.362582907778297;-207.75882280290477;-85.4968182040987
1746957.520156;16.019667695970867;-201.9646237680511;202.59896102117543;16.019667695970867;-201.9646237680511;-85.46484106359928
1783559.058475;15.83937747363657;-196.31770040176875;196.95564315294695;15.83937747363657;-196.31770040176875;-85.38723252281179
1820927.457231;15.849763816883849;-190.8380687428026;191.49512655556967;15.849763816883849;-190.8380687428026;-85.25228307950722
1859078.783369;16.00281986421149;-185.56026996411754;186.24903766935975;16.00281986421149;-185.56026996411754;-85.07097604316053
1898029.440464;16.291088120963707;-180.47242137676045;181.206220725879;16.291088120963707;-180.47242137676045;-84.84193980424698
1937796.175771;16.69698567792491;-175.6143081539384;176.4062769833184;16.69698567792491;-175.6143081539384;-84.56878155843313
1978396.087425;17.184536287283343;-170.93268376572894;171.79432664312188;17.184536287283343;-170.93268376572894;-84.2591188164411
2019846.631796;17.722382325689644;-166.4867992875705;167.4274086651218;17.722382325689644;-166.4867992875705;-83.9237933316885
2062165.630993;18.30345501342485;-162.2690157628181;163.29804022725497;18.30345501342485;-162.2690157628181;-83.56441075682699
2105371.280524;18.874600668604923;-158.28727084605302;159.408627941812;18.874600668604923;-158.28727084605302;-83.20000487288583
2149482.157126;19.39538299062182;-154.5239882053363;155.73645627224158;19.39538299062182;-154.5239882053363;-82.84582093282762
2194517.226744;19.79334749018231;-150.90128079015005;152.1938669887023;19.79334749018231;-150.90128079015005;-82.52731519848588
2240495.852691;20.072865973729648;-147.320665840152;148.68187021955652;20.072865973729648;-147.320665840152;-82.24106372837086
2287437.803975;20.303805039699295;-143.69987394676284;145.12717964394417;20.303805039699295;-143.69987394676284;-81.95773589233839
2335363.263792;20.625819456452625;-140.04521128052426;141.55594523317225;20.625819456452625;-140.04521128052426;-81.62172577169815
2384292.83821;21.05862701917507;-136.42192860577822;138.03770635754847;21.05862701917507;-136.42192860577822;-81.22485872178925
2434247.565028;21.615138098673377;-132.91277001254315;134.65889731997626;21.615138098673377;-132.91277001254315;-80.76305265539516
2485248.922817;22.272344480132123;-129.52391220929167;131.42488791184857;22.272344480132123;-129.52391220929167;-80.24309712998034
2537318.840163;22.97437140114583;-126.27448739731788;128.34744995025486;22.97437140114583;-126.27448739731788;-79.68840123854717
2590479.705086;23.722249491961666;-123.12968453422388;125.39403627946731;23.722249491961666;-123.12968453422388;-79.09497046558052
2644754.374673;24.52539847967056;-120.08248042652366;122.56140206432472;24.52539847967056;-120.08248042652366;-78.45678192358703
2700166.184904;25.387901484612794;-117.12268869668773;119.84268750880727;25.387901484612794;-117.12268869668773;-77.76958855293627
2756738.960684;26.37457139233664;-114.20511660511336;117.21103478306556;26.37457139233664;-114.20511660511336;-76.99607402262453
2814497.026086;27.57316037237382;-111.33612926606129;114.69966369989825;27.57316037237382;-111.33612926606129;-76.09017884909944
2873465.214815;29.134402810096095;-108.644512258714;112.48308082122747;29.134402810096095;-108.644512258714;-74.98858843306417
2933668.880877;31.145503384620405;-106.32010577155337;110.78811882307461;31.145503384620405;-106.32010577155337;-73.67253603967345
2995133.909487;33.58079105283633;-104.72673350509761;109.9788990596923;33.58079105283633;-104.72673350509761;-72.22147052654701
3057886.728198;36.13272874740294;-104.26228222100414;110.34580907612991;36.13272874740294;-104.26228222100414;-70.88592978613896
3121954.31826;38.181437677124215;-105.15192162042068;111.86933808492483;38.181437677124215;-105.15192162042068;-70.04366739429486
3187364.226224;38.88225446073441;-107.12900499568362;113.96689617303133;38.88225446073441;-107.12900499568362;-70.05173706000595
3254144.575784;37.778475594293425;-109.27803970744203;115.62397320854315;37.778475594293425;-109.27803970744203;-70.92923715961346
3322324.079871;35.096171845116274;-110.6422676506026;116.0752026448781;35.096171845116274;-110.6422676506026;-72.40076356587063
3391932.052998;31.58325887126045;-110.71617208624025;115.13284936263419;31.58325887126045;-110.71617208624025;-74.07849719852851
3462998.423863;27.9208550495483;-109.51995699344039;113.02298494794287;27.9208550495483;-109.51995699344039;-75.69775602026407
3535553.748218;24.542439761115403;-107.3160073396019;110.0865876514549;24.542439761115403;-107.3160073396019;-77.11836873498049
3609629.222006;21.68030385640411;-104.41183085217699;106.63895159466652;21.68030385640411;-104.41183085217699;-78.2696672718962
3685256.694776;19.41850981233148;-101.08906080559396;102.93724660145465;19.41850981233148;-101.08906080559396;-79.12633084692047
3762468.683375;17.752949039899143;-97.60066723385826;99.20210403064841;17.752949039899143;-97.60066723385826;-79.69096372231297
3841298.385929;16.600646198650505;-94.14411885302145;95.5965301087053;16.600646198650505;-94.14411885302145;-79.99970607603255
3921779.696118;15.820899936400712;-90.84482594666987;92.21216446911083;15.820899936400712;-90.84482594666987;-80.12084813762036
4003947.217749;15.28536673022355;-87.76979266350224;89.09084655716096;15.28536673022355;-87.76979266350224;-80.12085251072091
4087836.279633;14.84724359579202;-84.86802569604309;86.15696389693069;14.84724359579202;-84.86802569604309;-80.07680766899473
4173482.950776;14.467413665972717;-82.06860722205714;83.33404076096792;14.467413665972717;-82.06860722205714;-80.00236717347741
4260924.055888;14.169534839004854;-79.34517096776506;80.60044586388861;14.169534839004854;-79.34517096776506;-79.87480048518347
4350197.191214;13.94441011794618;-76.71450964367446;77.97154970504883;13.94441011794618;-76.71450964367446;-79.6978159241772
4441340.7407;13.765854250832023;-74.19898442225444;75.46514448769781;13.765854250832023;-74.19898442225444;-79.48963429211912
4534393.892498;13.58147682750284;-71.76521759922029;73.0390509924618;13.58147682750284;-71.76521759922029;-79.28358304530589
4629396.655813;13.369324424744402;-69.3570692989139;70.6338580095156;13.369324424744402;-69.3570692989139;-79.08943954566138
4726389.878107;13.155941115618663;-66.9330380513516;68.21371100754823;13.155941115618663;-66.9330380513516;-78.88005265036178
4825415.262662;12.971520323532728;-64.47661022398474;65.76848489572704;12.971520323532728;-64.47661022398474;-78.62497466202066
4926515.386507;12.864640149689947;-61.96818749810346;63.28945589891828;12.864640149689947;-61.96818749810346;-78.27194669380175
5029733.718732;12.900236116423992;-59.42401055576299;60.808133686135456;12.900236116423992;-59.42401055576299;-77.75182437795762
5135114.63917;13.127786777781859;-56.93649059149501;58.4303238614874;13.127786777781859;-56.93649059149501;-77.01627879122144
5242703.457483;13.502958006252072;-54.60965276525806;56.254280282131994;13.502958006252072;-54.60965276525806;-76.11143393897162
5352546.432644;13.908416787055533;-52.4604773924276;54.27288223195683;13.908416787055533;-52.4604773924276;-75.15125182560787
5464690.792823;14.30741503256839;-50.43321121691597;52.42338141100995;14.30741503256839;-50.43321121691597;-74.16187269899285
5579184.755696;14.687641477109285;-48.46184545071069;50.63869347296264;14.687641477109285;-48.46184545071069;-73.13918242874789
5696077.549177;15.13091051409457;-46.60806952302448;49.002618273400664;15.13091051409457;-46.60806952302448;-72.01442199876615
5815419.432582;15.56020259505499;-44.94155462432952;47.55904999945594;15.56020259505499;-44.94155462432952;-70.9025113375281
5937261.718239;15.840223272166714;-43.43731435463287;46.2354079862532;15.840223272166714;-43.43731435463287;-69.96467676531287
6061656.793553;15.903213650554925;-41.95708333612793;44.86991248587388;15.903213650554925;-41.95708333612793;-69.24152574320071
6188658.143525;15.831739327470578;-40.35786130969583;43.35205807831529;15.831739327470578;-40.35786130969583;-68.58072214909133
6318320.373757;15.72680064590963;-38.584712733854005;41.66668111705346;15.72680064590963;-38.584712733854005;-67.82460890626149
6450699.233919;15.722250055417556;-36.742571701008806;39.96505626180014;15.722250055417556;-36.742571701008806;-66.8337813404679
6585851.641731;15.769885843413647;-34.97094277973034;38.36217066873917;15.769885843413647;-34.97094277973034;-65.72736100814473
6723835.707426;15.6982906815275;-33.2138041020417;36.73680869714373;15.6982906815275;-33.2138041020417;-64.70254171330913
6864710.758739;15.502559081367748;-31.276897917956532;34.908074731236205;15.502559081367748;-31.276897917956532;-63.63444276574512
7008537.366419;15.407385224761958;-29.08277809829979;32.91193554592557;15.407385224761958;-29.08277809829979;-62.08638881787896
7155377.370263;15.571701600340171;-26.78355503184165;30.981231590653834;15.571701600340171;-26.78355503184165;-59.826692163117144
7305293.905715;15.912409314166908;-24.580644171765105;29.28161262773134;15.912409314166908;-24.580644171765105;-57.08278662779494
7458351.431005;16.224598040721695;-22.475373678550977;27.719668172138938;16.224598040721695;-22.475373678550977;-54.17510927988222
7614615.754864;16.40581608386554;-20.21303961596049;26.033013115926657;16.40581608386554;-20.21303961596049;-50.93565540688093
7774154.064822;16.679654788306102;-17.548498217887836;24.21075532816511;16.679654788306102;-17.548498217887836;-46.45407710704853
7937034.956096;17.39262867879822;-14.500581800540276;22.64443430321708;17.39262867879822;-14.500581800540276;-39.81864218501666
8103328.461079;18.81356869498124;-11.2685768502157;21.930143439339272;18.81356869498124;-11.2685768502157;-30.91992591910991
8273106.079456;21.158071111621492;-8.172347332613985;22.68151745561383;21.158071111621492;-8.172347332613985;-21.119153560968343
8446440.808944;24.549477315160686;-5.760082697795079;25.216173165907378;24.549477315160686;-5.760082697795079;-13.20454547569536
8623407.176678;28.730760468885208;-4.806082308690804;29.12996780427963;28.730760468885208;-4.806082308690804;-9.496511800208653
8804081.271253;32.72082416250202;-6.011544238353148;33.268468525062175;32.72082416250202;-6.011544238353148;-10.410416357428094
8988540.775445;34.849180604523106;-9.16815325140283;36.03498886981759;34.849180604523106;-9.16815325140283;-14.739436161991199
9176864.999605;33.9518623763829;-12.473525386813582;36.17067589084184;33.9518623763829;-12.473525386813582;-20.17275390730938
9369134.915762;30.86020391634845;-13.779900669266997;33.797009456658635;30.86020391634845;-13.779900669266997;-24.062030584798393
9565433.192438;27.49511246027397;-12.569633948933557;30.23205098588741;27.49511246027397;-12.569633948933557;-24.567929171220985
9765844.230194;25.112269343885252;-9.583813471509993;26.878905339625263;25.112269343885252;-9.583813471509993;-20.888789142451294
9970454.197914;24.12564181973082;-5.750211161716427;24.80144192619197;24.12564181973082;-5.750211161716427;-13.406006005621357
10179351.069859;24.4973293132042;-1.847215931071556;24.56687505922514;24.4973293132042;-1.847215931071556;-4.312215564217048
10392624.66349;25.85100003134165;1.5269644590618598;25.89605806063278;25.85100003134165;1.5269644590618598;3.380413970913941
10610366.678087;27.539303046827644;4.160843636468147;27.851855092114562;27.539303046827644;4.160843636468147;8.591692267827675
10832670.734176;29.022209614382128;6.409826326435501;29.721617123504572;29.022209614382128;6.409826326435501;12.454374070464835
11059632.41378;30.307214740868492;8.81935302196088;31.56435098453771;30.307214740868492;8.81935302196088;16.224914887526396
11291349.301521;31.785925551812;11.609297967232564;33.839634490894326;31.785925551812;11.609297967232564;20.06390787985244
11527921.02657;33.71654304805536;14.83787986788179;36.83704594677839;33.71654304805536;14.83787986788179;23.75319734654716
11769449.305491;36.46864532159484;18.58061110066361;40.92922184046974;36.46864532159484;18.58061110066361;26.99863820156645
12016037.985969;40.8704222955574;22.600448386033165;46.70301581126153;40.8704222955574;22.600448386033165;28.941632777354094
12267793.091465;47.75379802859932;25.582854296122964;54.17478804843554;47.75379802859932;25.582854296122964;28.179021276432913
12524822.8668;56.47749094792447;25.054989292244024;61.78559275597632;56.47749094792447;25.054989292244024;23.923408427728198
12787237.824695;63.429402772174;19.830418260816433;66.4570133577608;63.429402772174;19.830418260816433;17.361208492494082
13055150.793289;65.22141903120391;13.879624045729988;66.6819125707616;65.22141903120391;13.879624045729988;12.013769711855208
13328676.96465;64.6216388971567;10.810902201479271;65.51970558667419;64.6216388971567;10.810902201479271;9.497368154967111
13607933.944304;64.86245966005214;9.70172355865371;65.58400805959047;64.86245966005214;9.70172355865371;8.506881131686963
13893041.801796;66.0214293273083;8.452892627351062;66.56035249448647;66.0214293273083;8.452892627351062;7.2960317925410605
14184123.122325;66.85077538208925;6.791764773187799;67.19489740985446;66.85077538208925;6.791764773187799;5.801111833844943
14481303.059439;66.83367358340806;5.380313319686358;67.0498896052151;66.83367358340806;5.380313319686358;4.6025584006579265
14784709.388856;66.33693643903935;5.051098278973282;66.52896158772504;66.33693643903935;5.051098278973282;4.354274741849116
15094472.563395;66.19267912814855;6.141949281878245;66.47702092560404;66.19267912814855;6.141949281878245;5.301235895728646
15410725.769073;67.41760344140168;8.20236676219917;67.9147412148771;67.41760344140168;8.20236676219917;6.936801441804705
15733604.982362;70.39416034716956;10.257936362077267;71.13763469072785;70.39416034716956;10.257936362077267;8.290865724971805
16063249.028661;74.50380890310053;12.218331374372603;75.49904080611687;74.50380890310053;12.218331374372603;9.31337927058274
16399799.641978;82.12576989693035;15.857210490683551;83.64265183331645;82.12576989693035;15.857210490683551;10.928439535801003
16743401.525877;96.07033046858542;15.932642645913466;97.3825317910024;96.07033046858542;15.932642645913466;9.416428439852425
17094202.415691;113.55551726545201;4.360783938236783;113.63921830943907;113.55551726545201;4.360783938236783;2.1992044677066502
17452353.142042;121.12820777775275;-20.691490234363727;122.88279166575445;121.12820777775275;-20.691490234363727;-9.693871956616164
17818007.695694;110.23476084757269;-44.91539093429903;119.03400708160024;110.23476084757269;-44.91539093429903;-22.1685446962381
18191323.293764;90.80377086546508;-55.54218404681049;106.44368939527442;90.80377086546508;-55.54218404681049;-31.452985595975846
18572460.447316;74.2519073663894;-55.4776101064248;92.68824613006419;74.2519073663894;-55.4776101064248;-36.765394429386106
18961583.030375;63.080963158769535;-50.84157171370198;81.01896893541377;63.080963158769535;-50.84157171370198;-38.867886756246186
19358858.35039;56.195632473772946;-45.02724797912646;72.00973663124392;56.195632473772946;-45.02724797912646;-38.70376108608469
19764457.220165;52.49293070768465;-39.22098146841751;65.52704145333995;52.49293070768465;-39.22098146841751;-36.765869313617515
20178554.031306;51.369928266297734;-34.080553577031345;61.647008542195124;51.369928266297734;-34.080553577031345;-33.561645541681365
20601326.829199;52.368873188634254;-30.68591596802922;60.69698771639501;52.368873188634254;-30.68591596802922;-30.36847532697725
21032957.389564;53.49508728798749;-29.79955421393372;61.23510263973251;53.49508728798749;-29.79955421393372;-29.120087972753474
21473631.296611;53.61135663206991;-29.905681771931594;61.38833245963787;53.61135663206991;-29.905681771931594;-29.153810896176033
21923538.022836;52.86050245234146;-30.57958207050709;61.06835153433303;52.86050245234146;-30.57958207050709;-30.04920391739961
22382871.010485;50.56629586680269;-30.645260207436422;59.127677536586134;50.56629586680269;-30.645260207436422;-31.21759087515755
22851827.754724;48.66586175624326;-28.712070575443395;56.50441661681875;48.66586175624326;-28.712070575443395;-30.539916785987995
23330609.888559;48.64926093727803;-26.51402071080673;55.4052694605527;48.64926093727803;-26.51402071080673;-28.59054160296745
23819423.269529;50.521915529056876;-24.569432099701512;56.17936402654449;50.521915529056876;-24.569432099701512;-25.93422764695538
24318478.068214;54.89195381235895;-25.088616372172215;60.35366819678963;54.89195381235895;-25.088616372172215;-24.56298538549613
24827988.858603;58.25153003234223;-31.31567238857775;66.13555842553687;58.25153003234223;-31.31567238857775;-28.262207540911017
25348174.71035;54.77674574250171;-39.22318275672818;67.37172952883411;54.77674574250171;-39.22318275672818;-35.60476062638365
25879259.282968;47.23884847297624;-43.01570446187745;63.889432893119285;47.23884847297624;-43.01570446187745;-42.32099977279528
26421470.921992;39.76154177184241;-42.820385297432814;58.434284466352196;39.76154177184241;-42.820385297432814;-47.121272128293185
26975042.757159;33.5085208656283;-39.87512972329968;52.08499727418851;33.5085208656283;-39.87512972329968;-49.95844376684945
27540212.802646;29.521598607135456;-35.679917286723004;46.30962407435648;29.521598607135456;-35.679917286723004;-50.39561098652906
28117224.059402;27.38123147857297;-31.108151508888504;41.44211538499401;27.38123147857297;-31.108151508888504;-48.64593503372991
28706324.619637;27.374864385910758;-26.79542074020184;38.306367261741805;27.374864385910758;-26.79542074020184;-44.387147231291266
29307767.773484;29.389873973235662;-24.441053165314358;38.22472723241329;29.389873973235662;-24.441053165314358;-39.74741048455471
29921812.117908;30.878581413102285;-25.546228620087494;40.07613487844559;30.878581413102285;-25.546228620087494;-39.60137090318752
30548721.667893;28.97405429913146;-27.68007083294832;40.070963849726084;28.97405429913146;-27.68007083294832;-43.69158859820666
31188765.969954;24.920569578983997;-27.89101290385892;37.40245164349801;24.920569578983997;-27.89101290385892;-48.219269742162545
31842220.218038;20.681041873594957;-25.81519909544687;33.07763590879719;20.681041873594957;-25.81519909544687;-51.3011254240663
32509365.371838;17.62762491642535;-21.93361302914383;28.139234899094326;17.62762491642535;-21.93361302914383;-51.21182636621785
33190488.277605;16.5500347558465;-17.60213499942267;24.16068722030952;16.5500347558465;-17.60213499942267;-46.76451000049092
33885881.79147;17.060900887976626;-14.24083066988336;22.2233120231358;17.060900887976626;-14.24083066988336;-39.85194377024061
34595844.905369;17.76249135594179;-12.725739226712497;21.850641593239224;17.76249135594179;-12.725739226712497;-35.61928339627262
35320682.875592;16.89972621977174;-11.960639279713062;20.704048837912243;16.89972621977174;-11.960639279713062;-35.28863073166172
36060707.354038;15.067843066447667;-10.061234085602063;18.118176674278672;15.067843066447667;-10.061234085602063;-33.73218124584578
36816236.522203;13.801679039813296;-7.118794469781238;15.529442328075069;13.801679039813296;-7.118794469781238;-27.284317802550497
37587595.227996;13.230639991595654;-4.256045519106462;13.898336520890423;13.230639991595654;-4.256045519106462;-17.831996757472123
38375115.125405;12.548968329985161;-1.5362669654089902;12.642654876883158;12.548968329985161;-1.5362669654089902;-6.979521665310232
39179134.817096;11.944018617348965;1.849024312582741;12.0862927169625;11.944018617348965;1.849024312582741;8.79996504744254
40000000;12.179600349124577;5.321683484656444;13.291462665006462;12.179600349124577;5.321683484656444;23.602160477744118

